---
layout: post
title: SQL Basics
tags: [SQL]
author: h
categories: SQL
---





# SQL Basics

[@freeCodeCamp](https://www.freecodecamp.org/learn/relational-database/)

[Bash basics](https://www.notion.so/Bash-basics-602f9466f4b14137bc05190b1f785d36)

# psql ëª…ë ¹ì–´

# SQL ê¸°ì´ˆ

# bash

# SQL keywords

# SQL join

# # ì •ë¦¬ ì „

### psql ì‹œì‘

- bashì—ì„œ postgresql ì‹œì‘
    - `psql --username=<ì‚¬ìš©ìì´ë¦„> --dbname=<dbì´ë¦„>`
- `\l` : List of databases ì¶œë ¥
- `\c <database>` : ë°ì´í„°ë² ì´ìŠ¤ì— ì—°ê²°
- `\d` : List of relations ì¶œë ¥
- í…Œì´ë¸” ë””í…Œì¼ ë³´ëŠ” ë²•
    - `\d` : List of relations ì¶œë ¥
    - `\d <table>` : í…Œì´ë¸” ë””í…Œì¼ ì¶œë ¥

### í…Œì´ë¸” ê¸°ì´ˆ

- ë¹ˆ í…Œì´ë¸” ìƒì„± : `CREATE TABLE <table>();`
- í…Œì´ë¸” ì‚­ì œ : `DROP TABLE <table>;`
- í…Œì´ë¸” ë‚´ìš© ë³´ê¸° : `SELECT * FROM <table>;`
- í…Œì´ë¸”ì— ê°’ ë„£ê¸°
    - `INSERT INTO <í…Œì´ë¸”ëª…> (<ì»¬ëŸ¼1>, <ì»¬ëŸ¼2>, ...) VALUES (<ê°’1>, <ê°’2>, ...);`
        - ëª¨ë“  ì—´ì— ë‹¤ ê°’ì„ ì…ë ¥í•˜ëŠ” ê²½ìš°ì—ëŠ” ì»¬ëŸ¼ëª… ì…ë ¥ ìƒëµ ê°€ëŠ¥
    - **â€»ì£¼ì˜â€» ê²¹ë”°ì˜´í‘œ ì‚¬ìš©í•˜ë©´ ì—ëŸ¬ë‚¨. í™‘ë”°ì˜´í‘œ ì‚¬ìš© í•„ìˆ˜!**
        - ì´ìƒí•˜ê²Œ ê°’ì— ê²¹ë”°ì˜´í‘œë¥¼ ì“°ë©´ ê·¸ ê°’ì„ ì»¬ëŸ¼ëª…ìœ¼ë¡œ ì¸ì‹í•˜ëŠ” ê²ƒ ê°™ë‹¤. `Column "ê°’" does not exist` ë¼ëŠ” ì—ëŸ¬ê°€ ëœ¬ë‹¤.
- ì†Œìˆ˜ì  ìë£Œí˜• í‘œí˜„ë²•
    - float ì‚¬ìš©
    - numeric ì‚¬ìš©
        - ì˜ˆ) `numeric(2,1)` â†’ 2 digits, ì†Œìˆ˜ì  ì•„ë˜ 1 digit

### ì œì•½ ì¡°ê±´ ë„£ê¸°

- primary key ì„¤ì • : ìë£Œí˜• ë‹¤ìŒì— `PRIMARY KEY` ì…ë ¥
    
    ```sql
    CREATE TABLE citizen(
    	ssn integer PRIMARY KEY, 
    	last_name varchar(40), 
    	first_name varchar(40), 
    	birth_date date
    );
    ```
    
- NOT NULL ì œì•½ì¡°ê±´
    - Not Null ì¶”ê°€ : primary key ì²˜ëŸ¼ ìë£Œí˜• ë’¤ì— ì‘ì„±
        - `ALTER TABLE <table> ALTER COLUMN <column> <datatype> NOT NULL;`
    - Not Null ì œê±° : Not Null ì•ˆì“°ê³  Alterí•˜ë©´ ì œê±°ë¨.
        - `ALTER TABLE <table> ALTER COLUMN <column> <datatype>;`
- foreign key ì„¤ì •
    - `ALTER TABLE <ë°”ê¿€í…Œì´ë¸”> ADD FOREIGN KEY (<íƒ€ê²Ÿì»¬ëŸ¼ëª…>) REFERENCES <ì°¸ì¡°í…Œì´ë¸”> (<ì†ŒìŠ¤ì»¬ëŸ¼ëª…>);`
- Composite Primary Key
    - ì—¬ëŸ¬ ì»¬ëŸ¼ì„ ì¡°í•©í•´ì„œ primary keyë¡œ ì‚¬ìš©
    - `ALTER TABLE <í…Œì´ë¸”ëª…> ADD PRIMARY KEY (<ì»¬ëŸ¼1>, <ì»¬ëŸ¼2>);`

### 

### 

### 

### 

### 

# ã…

## ì°¸ê³ 

[[MySQL] ë°ì´í„° ì¶”ê°€, ìˆ˜ì •, ì‚­ì œ (INSERT, UPDATE, DELETE)](http://extbrain.tistory.com/47)

[[TIL] 8ì¼ì°¨ TIL(20230215) - DBMSì´ë¡  ë° SQLê¸°ì´ˆ, ì¡°ê±´ì ˆ](http://better0.tistory.com/30)

[freeCodeCamp.org](https://www.youtube.com/freecodecamp)

[freeCodeCamp.org](https://www.freecodecamp.org/learn/relational-database/learn-sql-by-building-a-student-database-part-1/build-a-student-database-part-1)

[freeCodeCamp.org](https://www.freecodecamp.org/learn/relational-database/learn-sql-by-building-a-student-database-part-2/build-a-student-database-part-2)

- bash terminal
    - `touch <íŒŒì¼ëª…>.<í™•ì¥ì>` â†’ íŒŒì¼ ìƒì„±
    - shebang : `#!` ë¡œ ì‹œì‘í•˜ëŠ” ë¬¸ì ì‹œí€€ìŠ¤. íŒŒì¼ì˜ ë‚˜ë¨¸ì§€ ë¶€ë¶„ì„ êµ¬ë¬¸ë¶„ì„í•˜ëŠ”ë° ì‚¬ìš©í•  ì¸í„°í”„ë¦¬í„°ë¥¼ ìš´ì˜ì²´ì œì— ì•Œë ¤ì£¼ëŠ”ë° ì‚¬ìš©ë¨.
    - ì£¼ì„ : `#` ì´í›„ì˜ ëª¨ë“  ë‚´ìš© ë¬´ì‹œ. ë‹¨! ê°™ì€ ì¤„ì— ì“°ì¸ ë‚´ìš©ë§Œ. bashëŠ” ì—¬ëŸ¬ ì¤„ ì£¼ì„ì€ ì§€ì›í•˜ì§€ ì•ŠìŒ. ëª¨ë“  ì£¼ì„ ì¤„ì˜ ë§¨ ì•ì— ê° ì¤„ë§ˆë‹¤ `#`ì„ ì¨ì•¼ í•¨.
- bash ë‚´ì—ì„œ íŒŒì¼ ìˆ˜ì • ([ì°¸ê³ ](https://opentutorials.org/course/730/4561))
    1. `vim <íŒŒì¼ëª…>.<í™•ì¥ì>` â†’ vi í¸ì§‘ê¸° ì—´ë¦¼. ì²˜ìŒì—” ì½ê¸°ëª¨ë“œ.
    2. í‚¤ë³´ë“œì—ì„œ `i` í•œê¸€ì ì…ë ¥í•˜ë©´ insert modeê°€ ë˜ì–´ì„œ ë‚´ìš© í¸ì§‘ ê°€ëŠ¥. ì´ë ‡ê²Œ ë‚´ìš© í¸ì§‘.
    3. `esc` ëˆ„ë¥´ë©´ ë‹¤ì‹œ ëª…ë ¹ì–´ ëª¨ë“œë¡œ ë°”ë€œ.
    4. ëª…ë ¹ì–´ ëª¨ë“œì—ì„œ `:w` ì…ë ¥í•˜ê³  `Enter` ëˆŒëŸ¬ì„œ ë°”ë€ ë‚´ìš© ì €ì¥.
    5. `:q` ì…ë ¥í•˜ê³  `Enter` ëˆŒëŸ¬ì„œ vi ì¢…ë£Œ.
- ìŠ¤í¬ë¦½íŠ¸ ì‹¤í–‰í•˜ëŠ” ë°©ë²•ë“¤
    - ê·¸ëƒ¥ `íŒŒì¼ê²½ë¡œ/íŒŒì¼ëª….í™•ì¥ì`
        - ê·¼ë° ì´ë ‡ê²Œ í•˜ë ¤ë©´ íŒŒì¼ì— ì‹¤í–‰ê¶Œí•œ í•„ìš”. `chmod`ë¡œ ê¶Œí•œ ë³€ê²½ ê°€ëŠ¥.
    - `sh <íŒŒì¼ëª…>.<í™•ì¥ì>`
    - `bash <íŒŒì¼ëª…>.<í™•ì¥ì>`
- ë¦¬ëˆ…ìŠ¤ `cat` ëª…ë ¹ì–´ì—ëŠ” ì—¬ëŸ¬ ê¸°ëŠ¥ì´ ìˆë‹¤. ì¶œë ¥, ë³‘í•©, ë“±ë“±. ([ì°¸ê³ ](https://withcoding.com/109))
- `$` : ë³€ìˆ˜ë¥¼ ë‹¤ë£° ë•Œ ì”€.
    - ì˜ˆ) echo $MAJOR â†’ MAJORë¼ëŠ” ë³€ìˆ˜ ì¶œë ¥
- ë³€ìˆ˜ vs. $ë³€ìˆ˜
    - `ë³€ìˆ˜ëª…=ê°’` ìœ¼ë¡œ ë³€ìˆ˜ë¥¼ ì„ ì–¸í•˜ê³ , ë³€ìˆ˜ë¥¼ ì‚¬ìš©í•  ë•ŒëŠ” ë³€ìˆ˜ëª… ì•ì— `$`ë¥¼ ë¶™ì—¬ ì‚¬ìš©í•œë‹¤.
    - `${ë³€ìˆ˜}` ì™€ ê°™ì´ ì¤‘ê´„í˜¸ë¡œ ë¬¶ì–´ ì“¸ ìˆ˜ë„ ìˆê³ , ì´ë ‡ê²Œ í•´ì•¼ë§Œ ë™ì‘í•˜ëŠ” ê²½ìš°ë„ ìˆë‹¤.
        - ì˜ˆ) echo ${string}
- read ëª…ë ¹ì–´
    - inputì„ ë°›ì•„ì„œ stringì„ splití•´ì„œ field(=column)ìœ¼ë¡œ ë§Œë“¦.
    - ì¦‰, ê°ê°ì˜ wordë¥¼ ê° argumentì— assigní•˜ëŠ” ê²ƒ. ë§Œì•½ variable(=argument=field) ë³´ë‹¤ wordsê°€ ë§ìœ¼ë©´, ë§ˆì§€ë§‰ variableì— ë‚¨ì€ ë‹¨ì–´ ëª¨ë‘ assignë¨. ([ì°¸ê³ ](https://phoenixnap.com/kb/bash-read))
- IFS : â€œInternal Field Separatorâ€. ì´ë¦„ ê·¸ëŒ€ë¡œ separator.
    - ì˜ˆë¥¼ ë“¤ì–´, read ëª…ë ¹ì–´ë¥¼ ì“¸ ë•Œ í•œ ë‹¨ì–´ì”© split ë˜ëŠ” ì´ìœ ëŠ” default IFSê°€ ê³µë°±(space)ì´ê¸° ë•Œë¬¸.
- `default -p IFS` : í˜„ì¬ IFS ë³´ì—¬ì£¼ëŠ” ëª…ë ¹ì–´.
- bashì—ì„œëŠ” ë„ì–´ì“°ê¸°ê°€ ì¤‘ìš”í•œê±´ê°€? terminalì—ì„œ vimìœ¼ë¡œ ì½”ë“œ ì‘ì„±í•  ë•Œ, `A = B` ì¼ ë•Œë‘ `A=B` ì¼ ë•Œ Aì˜ ìƒ‰ê¹”ì´ ì„œë¡œ ë‹¤ë¥´ë‹¤. VSCODEëŠ” color-codedì´ê¸° ë•Œë¬¸ì— ìƒ‰ì´ ë‹¤ë¥¸ ê±´ ì†ì„±ì´ ë‹¤ë¥´ë‹¨ ëœ»ì¼í…ë°â€¦
- ì–´ë ¤ì› ë˜ ë¶€ë¶„
    
    ```sql
    PSQL="psql -x --username= ...... "
    	......
    MAJOR_ID=$($PSQL "SELECT major_id FROM majors WHERE major='$MAJOR';")
    ```
    
    - ì € ì½”ë“œ ë§ˆì§€ë§‰ì— `â€˜$MAJORâ€™` ì˜ í™‘ë”°ì˜´í‘œê°€ ë§¤ìš° ì¤‘ìš”. ì—†ìœ¼ë©´ ì—ëŸ¬ ë‚¨. ì™œ ê·¸ëŸ´ê¹Œ?
        - **ë³€ìˆ˜ê°€ ë¬¸ì¥ì¼ ìˆ˜ë„ ìˆì–´ì„œ!** 
        ì˜ˆë¥¼ ë“¤ì–´, MAJOR=â€Republic of Koreaâ€ ë¼ë©´
        WHERE major=$MAJOR ëŠ”
        WHERE major=Replublic of Korea ì´ê¸° ë•Œë¬¸ì—
        major=Republic ì´ ë˜ê³ , â€œofâ€ ì™€ â€œKoreaâ€ëŠ” ë¶• ëœ¬ë‹¤.
        - ë³€ìˆ˜ê°€ ë¬¸ì¥ì¼ ê²½ìš°, ì €ë ‡ê²Œ â€˜$ë³€ìˆ˜â€™ë¥¼ í™‘ë”°ì˜´í‘œë¡œ ìì£¼ ê°ì‹¼ë‹¤ê³  í•œë‹¤. (â† ì•„ë¹ ê°€ ì•Œë ¤ì¤Œ!)

### Test & z flag

- z flag
    - bashì—ì„œëŠ” `test` ë¼ëŠ” ë¹ŒíŠ¸ì¸ ì»¤ë§¨ë“œë¥¼ ì§€ì›. ì´ ëª…ë ¹ì–´ë¡œ íŒŒì¼íƒ€ì…ì´ë‚˜ ê°’ ë¹„êµ ê°€ëŠ¥.
    - `test` ëŒ€ì‹  `[ ]` ë¥¼ ì“°ê¸°ë„ í•¨.
        
        ```bash
        test 2 -gt 1 && echo "2 is greater" || echo "1 is greater"
        [ 2 -gt 1 ] && echo "2 is greater" || echo "1 is greater"
        # ìœ„ ë‘ ì½”ë“œëŠ” ê°™ì€ ì‘ì—…
        ```
        
    - `test` ëª…ë ¹ì–´ì—ì„œ ì“¸ ìˆ˜ ìˆëŠ” íŒŒë¼ë¯¸í„° ì¤‘ í•˜ë‚˜ê°€ `-z` flag.
    - `-z` flag : a parameter that checks if the length of a variable is zero and returns true if it is zero.
        
        ```bash
        >>> [ -z "" ] && echo "empty" || echo "non-empty"
        empty
        >>> [ -z "test string" ] && echo "empty" || echo "non-empty"
        non-empty
        ```
        
- `[` ì™€ `[[ (Double square brackets)` ì˜ ì°¨ì´
    - `[` : POSIX
    - `[[` : Bash extension
        
        > DoubleÂ `[[]]`Â are an extension to the standardÂ `[]`Â and are supported by bash and other shells (e.g. zsh, ksh). They support extra operations (as well as the standard posix operations). For example:Â `||`Â instead ofÂ `-o`Â and regex matching withÂ `=~`. A fuller list of differences can be found in theÂ [bash manual section on conditional constructs](http://www.gnu.org/software/bash/manual/bashref.html#Conditional-Constructs).
        > 
        > 
        > UseÂ `[]`Â whenever you want your script to be portable across shells. UseÂ `[[]]`Â if you want conditional expressions not supported byÂ `[]`Â and don't need to be portable.
        > 
        > [Difference between single and double square brackets in Bash](https://stackoverflow.com/questions/13542832/difference-between-single-and-double-square-brackets-in-bash)
        > 

---

## ì •ë¦¬ ì „

### ë»˜ì§“ (sed, awk)

[REAKWON :: [ë¦¬ëˆ…ìŠ¤] sed ëª…ë ¹ì–´ë¥¼ ì´ìš©í•´ ì›í•˜ëŠ” ì •ë³´ë¥¼ ì¶”ì¶œ - ê°œë…ê³¼ ì˜ˆì œ ëª¨ìŒ (tistory.com)](https://reakwon.tistory.com/164)

[Linux/ê¸°ë³¸ëª…ë ¹ì–´/sed - ì¸ì½”ë¤, ìƒë¬¼ì •ë³´ ì „ë¬¸ìœ„í‚¤ (incodom.kr)](http://www.incodom.kr/Linux/%EA%B8%B0%EB%B3%B8%EB%AA%85%EB%A0%B9%EC%96%B4/sed)

[creating a blank line after some specific line using bash / linux - Stack Overflow](https://stackoverflow.com/questions/40553714/creating-a-blank-line-after-some-specific-line-using-bash-linux)

[[LINUX] ğŸ“š awk ëª…ë ¹ì–´ ë¬¸ë²• ë§ˆìŠ¤í„° ğŸ’¯ ì´ì •ë¦¬ (tistory.com)](https://inpa.tistory.com/entry/LINUX-%F0%9F%93%9A-awk-%EB%AA%85%EB%A0%B9%EC%96%B4-%EB%AC%B8%EB%B2%95-%EB%A7%88%EC%8A%A4%ED%84%B0-%F0%9F%92%AF-%EC%B4%9D%EC%A0%95%EB%A6%AC)

[ì´ì¬ì›ë‹˜ì˜ ì´ê¸€ë£¨ (zum.com)](http://egloos.zum.com/slog2/v/3689816)

[[Linux] more, less, head, tail, íŠ¹ì • ë¼ì¸ ì¶œë ¥ sed, awk â‘£ (tistory.com)](https://it-serial.tistory.com/entry/Linux-%ED%8E%B8%EC%A7%91-%EA%B4%80%EB%A0%A8-%EB%AA%85%EB%A0%B9%EC%96%B4-2%ED%83%84-%ED%8A%B9%EC%A0%95-%EB%9D%BC%EC%9D%B8-%EC%B6%9C%EB%A0%A5-%E2%91%A3)

```bash
codeally@e5272eaadc97:~/project$ cat courses_test.csv | awk -F, 'NR < 6 {print NR}'
1
2
3
4
5
codeally@e5272eaadc97:~/project$ cat courses_test.csv | awk -F, 'NR < 6 {print $0}'
major,course
Database Administration,Data Structures and Algorithms
Web Development,Web Programming
Database Administration,Database Systems
Data Science,Data Structures and Algorithms
codeally@e5272eaadc97:~/project$ cat courses_test.csv | awk -F, 'NR < 6 {print $0}; END {print 'hi''
awk: cmd. line:1: NR < 6 {print $0}; END {print hi
awk: cmd. line:1:                                 ^ unexpected newline or end of string
codeally@e5272eaadc97:~/project$ cat courses_test.csv | awk -F, 'NR < 6 {print $0}; END {print 'hi'}
> 
> d
> '
major,course
Database Administration,Data Structures and Algorithms
Web Development,Web Programming
Database Administration,Database Systems
Data Science,Data Structures and Algorithms

codeally@e5272eaadc97:~/project$ cat courses_test.csv | awk -F, 'NR < 6 {print $0}; END {print 'hi'}'
major,course
Database Administration,Data Structures and Algorithms
Web Development,Web Programming
Database Administration,Database Systems
Data Science,Data Structures and Algorithms

codeally@e5272eaadc97:~/project$ cat courses_test.csv | awk -F, 'NR < 6 {print $0}; END {print ''}'
major,course
Database Administration,Data Structures and Algorithms
Web Development,Web Programming
Database Administration,Database Systems
Data Science,Data Structures and Algorithms
Network Engineering,Algorithms
codeally@e5272eaadc97:~/project$ cat courses_test.csv | awk -F, 'NR < 6 {print $0}; END {print '\n'}'
major,course
Database Administration,Data Structures and Algorithms
Web Development,Web Programming
Database Administration,Database Systems
Data Science,Data Structures and Algorithms

codeally@e5272eaadc97:~/project$ cat courses_test.csv | awk -F, 'NR < 6 {print $0}; END {print '\n'}'
major,course
Database Administration,Data Structures and Algorithms
Web Development,Web Programming
Database Administration,Database Systems
Data Science,Data Structures and Algorithms

codeally@e5272eaadc97:~/project$ cat courses_test.csv | awk -F, 'NR < 6 {print $0}; END {print '\n' > courses_test.csv}'
awk: cmd. line:1: NR < 6 {print $0}; END {print n > courses_test.csv}
awk: cmd. line:1:                                               ^ syntax error
codeally@e5272eaadc97:~/project$ cat courses_test.csv | awk -F, 'NR < 6 {print $0}; END {print '\n' > "courses_test.csv"}'
major,course
Database Administration,Data Structures and Algorithms
Web Development,Web Programming
Database Administration,Database Systems
Data Science,Data Structures and Algorithms
codeally@e5272eaadc97:~/project$
```

[[ORACLE,SQL] drop vs truncate vs Delete ì°¨ì´ì . í…Œì´ë¸” ì‚­ì œ, ë°ì´í„° ì‚­ì œ ëª…ë ¹ì–´ ì•Œì•„ë³´ì. (tistory.com)](https://jhnyang.tistory.com/56)

### psql connect/disconnect

- psql connect
    
    ```bash
    psql --username=freecodecamp --dbname=postgres
    ```
    
- connect to certain database
    
    ```sql
    \c students
    ```
    
- database disconnect (back to bash)
    
    ```sql
    \q
    ```
    

- íŒŒì¼ì„ ì €ì¥í•˜ì§€ ì•Šê³  Vim/Vië¥¼ ì¢…ë£Œ
    - Esc í‚¤ë¥¼ ëˆŒëŸ¬ ì¼ë°˜ ëª¨ë“œë¡œ ì „í™˜í•˜ê³  `:q!` ë¥¼ ì…ë ¥í•˜ê³  Enterë¥¼ ëˆ„ë¥¸ë‹¤

```bash
# psqlì— `.sql`ë¡œ ì €ì¥í•œ ë°ì´í„°ë² ì´ìŠ¤ë¥¼ ì—…ë¡œë“œ

psql -U postgres < students.sql

# psql -U <dbname1> < <dbname2>.sql
```

- `\l` : list of databases
- `\d` : display tables and relations (in a database)
- `\d <table_name>` : details of the table
- bashì—ì„œ íŒŒì¼ì— executable permission ë¶€ì—¬:
    
    ```bash
    chmod +x íŒŒì¼ëª….í™•ì¥ì
    ```
    
- echo -e
    - `echo` ëª…ë ¹ì–´ì—ì„œ `-e` í”Œë˜ê·¸ë¥¼ ì‚¬ìš©í•˜ë©´ escape sequenceë¥¼ ì‚¬ìš©í•  ìˆ˜ ìˆë‹¤
        - ì˜ˆ:
            
            ```bash
            codeally@970a460b6123:~/project$ echo -e 'hello\nworld'
            hello
            world
            ```
            

**SQL = Structured Query Language**

- language used to manage relational databases

- shì—ì„œëŠ”
    - Place double quotes around it like this: `echo "$($PSQL "<query_here>")"`. This will make it so the output isn't all on one line.
    - ê²¹ë”°ì˜´í‘œ ì‚¬ìš©
- sqlì—ì„œëŠ”
    - Use the `=` to view all majors named Game Design. Don't forget that You need single quotes around text values.
    - í™‘ë”°ì˜´í‘œ ì‚¬ìš©

**SQL keywords**

- `WHERE`, `AND`, `OR`, `ORDER BY`, `LIMIT` ë“±â€¦

- sql ì¿¼ë¦¬ì—ì„œ where ì“¸ ë•Œ ê´„í˜¸ë¥¼ ì³ì„œ ìš°ì„ ìˆœìœ„ ì„¤ì • ê°€ëŠ¥
    - ì˜ˆ: `SELECT first_name, last_name, gpa FROM students WHERE last_name >= 'R' and (gpa > 3.8 or gpa < 2.0);`

- You can use `LIKE` to find patterns in text like this: `WHERE <column> LIKE '<pattern>'`.
- An underscore (`_`) in a pattern will return rows that have any character in that spot.
- Another pattern character is `%`. It means **anything** can be there. To find names that start with `W`, you could use `W%`. View the courses that end in `lgorithms`.
    - â€œanythingâ€  = ëª¨ë“  ìˆ«ì, ê¸€ì, ê³µë°±, ê¸°í˜¸ ë“±ë“±ì´ 1ê°œ ì´ìƒ ë“¤ì–´ê°
- Combine the two pattern matching characters to show courses that have a second letter of `e`.
    
    ```sql
    SELECT * FROM courses WHERE course LIKE '_e%';
    ```
    
- Try viewing the courses with a space in their names.
    - Use `LIKE` and a pattern with two `%` to view the courses with a space
    
    ```sql
    SELECT * FROM courses WHERE course LIKE '% %';
    ```
    
- You can use `NOT LIKE` to find things that don't match a pattern
- Try finding the ones that contain an `A`.
    
    ```sql
    SELECT * FROM courses WHERE course LIKE '%A%';
    ```
    
- `ILIKE` will ignore the case of the letters when matching
    - case-insensitiveí•˜ê²Œ ì œì™¸í•˜ë ¤ë©´ `NOT ILIKE`
- All the fields that are empty or blank are `null`. You can access them using `IS NULL` as a condition like this: `WHERE <column> IS NULL`.
    - ë°˜ëŒ€ëŠ” `IS NOT NULL`.
- ì •ë ¬
    - `ORDER BY <column_name>`
    - at the end of a query
    - ê¸°ë³¸ê°’ì€ ascending (`ASC`) order.
    - ë‚´ë¦¼ì°¨ìˆœìœ¼ë¡œ í•˜ë ¤ë©´ ì¿¼ë¦¬ ë§¨ ëì— `DESC` ë„£ê¸°.
        - ì˜ˆ: `ORDER BY <column_name> DESC`
    - ì •ë ¬ ê¸°ì¤€ ì—¬ëŸ¬ê°œ í•  ìˆ˜ë„ ìˆìŒ. ì‰¼í‘œë¡œ êµ¬ë¶„
        - `ORDER BY <column_name1> DESC, <column_name2>`
- ë¦¬í„´ë˜ëŠ” í–‰ ìˆ˜ ì§€ì •: `LIMIT <number>`
    - ìœ„ì—ì„œë¶€í„° nê°œ
- The order of the **keyword**s in your query matters. You cannot put `LIMIT` before `ORDER BY`, or either of them before `WHERE`.
    - `WHERE` â†’ `ORDER BY` â†’ `LIMIT` ìˆœì„œ.
    
    ```sql
    SELECT * FROM students WHERE gpa IS NOT NULL ORDER BY gpa DESC, first_name LIMIT 10;
    ```
    

## mathematic functions

- numerical columnsì— ì‚¬ìš© ê°€ëŠ¥
- `MIN` : find minimum
    - `SELECT MIN(<column>) FROM <table>`
- ì†Œìˆ˜ì  ì²˜ë¦¬: `CEIL` & `FLOOR`
- `CEIL` : round a number **up to** the nearest whole number.
    - `CEIL(<number_to_round>)`
- í•¨ìˆ˜ ê²¹ì³ì„œ ì“¸ ìˆ˜ ìˆìŒ
    - `CEIL(AVG(<numerical_column>))`
- `ROUND` : round a number to the nearest whole number
    - ë°˜ì˜¬ë¦¼í•  ì†Œìˆ˜ì  ìë¦¬ ì§€ì •í•  ìˆ˜ ìˆìŒ
    - `ROUND(<number_to_round>, <decimals_places>)`
        
        ```sql
        SELECT ROUND(AVG(major_id), 5) FROM students;
        ```
        
- `COUNT` : the number of entities in a table for the column
    - `COUNT(*)` í•˜ë©´ ëª¨ë“  í–‰ì„ ì…ˆ.
    - `COUNT(<column>)` í•˜ë©´ í•´ë‹¹ ì—´ì—ì„œ ë°ì´í„°ê°€ ìˆëŠ” í–‰ (= not nullì¸ entry)ë§Œ ì…ˆ.
- `DISTINCT` : a function that will show you only unique values
    - `DISTINCT(<column>)`
- `GROUP BY` : ?
    - `SELECT <column> FROM <table> GROUP BY <column>`
    - `DISTINCT` ì™€ ë¹„ìŠ·í•˜ì§€ë§Œ, ì•„ë¬´ aggregate functions (`MIN`, `MAX`, `COUNT`, ë“±ë“±) ê³¼ í•¨ê»˜ ì“¸ ìˆ˜ ìˆë‹¤.
        - ì˜ˆ: View the major_id column and number of students in each major_id.
            
            ```sql
            students=> SELECT major_id, COUNT(*) FROM students GROUP BY major_id;
            students=>           
            +----------+-------+
            | major_id | count |
            +----------+-------+
            |          |     8 |
            |       42 |     1 |
            |       41 |     6 |
            |       38 |     4 |
            |       36 |     6 |
            |       37 |     6 |
            +----------+-------+
            (6 rows)
            ```
            
    - When using `GROUP BY`, any columns in the `SELECT` area must be included in the `GROUP BY area`. Other columns must be used with any of the aggregate functions (`MAX`, `AVG`, `COUNT`, etc).
        - ì˜ˆ: View the unique major_id values with GROUP BY again, but see what the lowest GPA is in each of them.
            
            ```sql
            students=> SELECT major_id, MIN(gpa) FROM students GROUP BY major_id;
                     
            +----------+-----+
            | major_id | min |
            +----------+-----+
            |          | 2.3 |
            |       42 | 2.6 |
            |       41 | 2.1 |
            |       38 | 2.2 |
            |       36 | 1.9 |
            |       37 | 1.8 |
            +----------+-----+
            (6 rows)
            ```
            
    - `GROUP BY` ì—ëŠ” `HAVING` ì˜µì…˜ì´ ìˆë‹¤.
        - `SELECT <column> FROM <table> GROUP BY <column> HAVING <condition>`
        - `HAVING` ë’¤ì— ë¶™ëŠ” ì¡°ê±´ì€ ë°˜ë“œì‹œ testê°€ í¬í•¨ëœ aggregate functionì´ì–´ì•¼ í•œë‹¤.
            - ì˜ˆ: `HAVING COUNT(*) > 0`
- `AS` : ì¶œë ¥ê²°ê³¼ì—ì„œ í‘œì‹œë˜ëŠ” ì—´ ì´ë¦„ ë³€ê²½
    - `SELECT <column> AS <new_column_name>`
    - `SELECT <column1> AS <new_column_name1>, <column2>, <column3> AS <new_column_name3>`
    - ì˜ˆ:
        
        ```sql
        students=> SELECT major_id, MIN(gpa) AS min_gpa, MAX(gpa) FROM students GROUP BY major_id HAVING MAX(gpa) = 4.0;
        students=>               
        +----------+---------+-----+
        | major_id | min_gpa | max |
        +----------+---------+-----+
        |       41 |     2.1 | 4.0 |
        |       37 |     1.8 | 4.0 |
        +----------+---------+-----+
        (2 rows)
        ```
        

# JOIN

- 4 types: `FULL JOIN`, `INNER JOIN`, `LEFT JOIN`, `RIGHT JOIN`
    - ì´ 4ê°œ ê¸°ë³¸í˜•ì„ ì¡°í•©í•´ì„œ ë‹¤ì–‘í•œ í˜•íƒœì˜ `JOIN`ì„ ë§Œë“ ë‹¤.
- `FULL JOIN`
    - `SELECT * FROM <table_1> FULL JOIN <table_2> ON <table_1>.<foreign_key_column> = <table_2>.<foreign_key_column>;`
        - `ON` ë‹¤ìŒì€ ê·¸ëƒ¥ í”„ë¦¬ì½”ë“œìº í”„ ë¬¸ì œì—ì„œ ë‚˜ì˜¨ ì˜µì…˜â€”ê¸°ë³¸í˜•ì€ ì•„ë‹˜
- A `LEFT JOIN` gets all rows from the left table, but only rows from the right table that are linked to from the left one.
- right, leftì˜ ê¸°ì¤€ì€ ì² ì €íˆ ì½”ë“œì´ë‹¤â€”ì¦‰, ì½”ë“œì—ì„œ ë¨¼ì € ì…ë ¥í•œ í…Œì´ë¸”ì´ left, ë‚˜ì¤‘ì— ì…ë ¥í•œ í…Œì´ë¸”ì´ rightì´ë‹¤ (ì˜ì–´ëŠ” ì™¼ìª½ì—ì„œ ì˜¤ë¥¸ìª½ìœ¼ë¡œ ì½ìœ¼ë‹ˆê¹Œ ì½”ë“œë¥¼ ëˆˆìœ¼ë¡œ ë³´ë©´ left í…Œì´ë¸”ì´ â€œë§ ê·¸ëŒ€ë¡œâ€ ì™¼ìª½ì— ì í˜€ìˆê²Œ ëœë‹¤)
- column íŠ¹ì •í•˜ê¸°: `<table>.<column>`
    - ì˜ˆ: students ì™€ majors ë‘ í…Œì´ë¸” í•©ì¹œ í›„ students í…Œì´ë¸”ì˜ major_idë¥¼ ì¶œë ¥í•˜ê¸°
        
        ```sql
        SELECT students.major_id FROM students FULL JOIN majors ON students.major_id = majors.major_id;
        ```
        
    - AS : rename ê¸°ëŠ¥. ì»¬ëŸ¼ê³¼ í…Œì´ë¸” ë‘˜ ë‹¤. í˜¹ì€ aliasë¥¼ ë¶€ì—¬í•¨.
        - `SELECT * FROM <table> AS <new_name>;`
        - ì´ë ‡ê²Œ í•´ì„œ í…Œì´ë¸”ëª…ì„ ë°”ê¾¸ë©´, ì´í›„ì— í•´ë‹¹ í…Œì´ë¸”ì„ ì–¸ê¸‰(refer)í• ë•ŒëŠ” ìƒˆ aliasë¥¼ ì‚¬ìš©í•˜ë©´ ëœë‹¤
            
            ```sql
            SELECT students.major_id FROM students FULL JOIN majors AS m ON students.major_id = m.major_id;
            SELECT s.major_id FROM students AS s FULL JOIN majors AS m ON s.major_id = m.major_id;
            ```
            
- `USING` : ë‹¨ì¶•í‚¤ê°™ì€ ì—­í• ì„ í•˜ëŠ” sql keyword. `JOIN` í•  ë•Œ foreign keyê°€ ë‘ í…Œì´ë¸” ëª¨ë‘ì—ì„œ  ê°™ì€ ì—´ì´ë¦„ì„ ê°€ì§€ê³  ìˆìœ¼ë©´ ì‚¬ìš© ê°€ëŠ¥.
    - `SELECT * FROM <table_1> FULL JOIN <table_2> USING(<column>);`
        
        ```sql
        SELECT * FROM students FULL JOIN majors USING(major_id);
        ```
        

## 3ê°œ ì´ìƒì˜ í…Œì´ë¸” í•©ì¹˜ê¸°

- `SELECT * FROM <table_1> FULL JOIN <table_2> USING(<column>) FULL JOIN <table_3> USING(<column>)`
    - ì´ë ‡ê²Œ í•˜ë©´ ìˆœì°¨ì ìœ¼ë¡œ í…Œì´ë¸” 1ê³¼ 2ë¥¼ í•©ì¹˜ê³ , í•©ì³ì§„ í…Œì´ë¸”ì„ left tableë¡œ ì‚¼ì•„ì„œ í…Œì´ë¸” 3ê³¼ í•©ì¹œë‹¤.
        
        ```sql
        SELECT * FROM students FULL JOIN majors USING(major_id) FULL JOIN majors_courses USING(major_id);
        ```
        

![SQL_Joins.svg](SQL%20Basics%20f5cba427fbcb41619647a2c89ac88512/SQL_Joins.svg)

![joins-in-mysql-1.png](SQL%20Basics%20f5cba427fbcb41619647a2c89ac88512/joins-in-mysql-1.png)

---

